iso3,country,obesity_pct_level,obesity_pct_vol,obesity_pct_slope,hypertension_pct_level,hypertension_pct_vol,hypertension_pct_slope,tobacco_daily_pct_level,tobacco_daily_pct_vol,tobacco_daily_pct_slope,alcohol_liters_level,alcohol_liters_vol,alcohol_liters_slope,gdp_pc_current_usd,health_pc_current_usd
AFG,Afghanistan,15.264002333333332,2.454718840370044,0.8089879618181821,39.93333333333333,0.6670832032063171,0.22000000000000014,26.6,1.4107748630755057,-0.5571428571428572,0.0,0.0,0.0,568.1936799727325,60.067918779
AGO,Angola,10.121147166666667,0.794251208351082,0.2619492727272728,38.8,0.21628170930011034,-0.06969696969696941,,,,5.082116892666666,1.204150062693173,-0.3597392826969698,3555.059091989231,107.723208617
ALB,Albania,20.820499,1.6347576604441711,0.539479387878788,41.8,0.09944289260117412,0.030909090909090442,25.4,1.1364575285886032,-0.44880952380952427,4.337678529666667,0.3161535836970161,-0.05040178494545449,4544.973542286417,289.806703186
AND,Andorra,17.406859333333333,0.37444765399719115,0.12347467878787888,31.366666666666664,1.183966966506152,-0.3903030303030306,35.8,0.03918819064098458,0.015476190476189767,11.113333333333335,0.49610818712588617,0.09745454545454546,42127.98338768101,2999.926953126
ARE,United Arab Emirates,32.00046533333333,0.15202258846197078,-0.022973642424242532,41.1,0.7214183560490012,0.23757575757575725,11.2,0.8229520034607127,-0.32500000000000034,2.792417707,0.6825582553217168,-0.03294445184242425,46706.8424079985,1728.8061889659998
ARG,Argentina,31.500620666666666,2.602912615411189,0.8591813090909093,47.1,1.1133532932342523,0.3672727272727273,26.6,0.9405165753836701,-0.37142857142857116,7.566666666666666,0.3547142825179473,-0.053575757575757624,12373.181658651669,1268.735931398
ARM,Armenia,22.835341666666665,1.2726973771938959,0.42033229090909097,47.26666666666667,0.38311588035185523,0.12424242424242393,27.2,0.6270110502557813,-0.24761904761904793,4.218731873333334,0.1737959379696205,0.03235711520606062,3713.3853036724263,384.312197877
ATG,Antigua and Barbuda,30.586945,1.9130418375691747,0.6318330787878788,42.5,0.25841396591085786,0.08424242424242435,,,,11.038715163333334,1.0992530875959345,0.33605815710909087,16312.256530031591,782.357653809
AUS,Australia,28.341785,1.2945687809328683,0.4273167696969699,29.233333333333334,0.09189365834726798,-0.02545454545454536,15.9,0.9797047660246567,-0.38690476190476175,10.263333333333334,0.19498148060207596,-0.004000000000000046,58625.58335689404,5663.207568361
AUT,Austria,14.769646999999999,0.294244194701555,0.09624680606060605,34.4,1.8080376102282838,-0.5969696969696972,31.5,2.23372686653622,-0.8821428571428578,11.493333333333332,0.39177799836131716,-0.09060606060606068,48481.93071576613,5042.587939453
AZE,Azerbaijan,24.494792333333333,1.5536648920910123,0.5131260484848483,40.9,0.437797517885456,0.14242424242424226,22.0,0.7837638128197261,-0.3095238095238097,0.8966666666666668,0.32204899558228023,0.029939393939393943,5936.933843058614,205.677151489
BDI,Burundi,4.001433166666667,0.5065963218783204,0.16654368969696973,34.56666666666667,0.9550450832872286,-0.3145454545454543,14.3,1.1756457192295886,-0.46428571428571425,3.0930633123333333,0.7363994911191766,-0.136739073169697,235.195370177809,20.232175446
BEL,Belgium,19.015463333333333,0.5931578583972394,0.19552473939393936,30.566666666666666,1.6820622263558893,-0.5551515151515151,28.0,0.3918819064098632,-0.1547619047619049,9.226666666666667,0.5462203462584183,-0.14212121212121206,45278.027893019214,4817.6359375
BEN,Benin,9.725295533333332,0.7847630792724317,0.25849184727272717,31.633333333333336,1.3339998334166148,-0.44000000000000006,8.6,0.9013283847426848,-0.3559523809523812,7.283950670666666,0.8673145591879177,-0.25566436853333335,1082.7999028987638,30.528057672
BFA,Burkina Faso,5.284514533333333,0.7763024902092729,0.2554752290909091,30.733333333333334,0.7694875639743055,-0.2539393939393939,17.6,1.2932102911525463,-0.5107142857142853,12.728700918000001,2.9058681131071595,-0.6854649314787882,715.1353246871683,37.540157699000005
BGD,Bangladesh,4.026075933333334,0.7419002498055038,0.24434633333333333,28.599999999999998,0.3645392830531286,0.10909090909090917,38.9,2.0769741039722747,-0.820238095238096,0.004194386666666667,0.00038233994794940727,0.00011465430303030302,1328.6922947074165,33.103563691
BGR,Bulgaria,19.37369166666667,0.8749580515552413,0.2889853272727273,45.20000000000001,7.489778066296963e-15,0.0,41.4,0.6270110502557812,-0.24761904761904793,10.85548243,0.33957144800954703,0.06770553183636363,8203.410004494483,584.809463501
BHR,Bahrain,34.48375566666667,1.4444152133551755,0.47679310909090916,38.766666666666666,0.20976176963403104,-0.06787878787878807,16.8,0.5878228596147941,-0.23214285714285712,1.5566209526666668,0.26287644994197795,-0.08241451018787879,25263.53223080604,1044.026568604
BHS,"Bahamas, The",,,,,,,,,,8.076648899333334,0.3124468500326594,0.09745984361818179,29939.00241327674,1690.41965332
BIH,Bosnia and Herzegovina,19.462153666666666,1.0597214571773148,0.34961394545454566,44.23333333333333,0.17511900715418313,-0.056969696969697094,38.8,0.9013283847426864,-0.3559523809523817,5.261952203333333,0.3227707461054418,0.09018477898787877,5152.9659182009955,470.50920105100005
BLR,Belarus,21.254749,0.18176227522368027,0.057777490909090914,49.333333333333336,0.3717824931626314,-0.12242424242424231,33.4,1.1756457192295882,-0.46428571428571425,9.873333333333333,1.8941418461491561,-0.552121212121212,6584.5139787178705,366.577172852
BLZ,Belize,39.41175166666667,2.1442071075641502,0.7082048606060604,37.733333333333334,0.7164728420068236,0.2363636363636367,10.0,0.39188190640986303,-0.15476190476190485,5.9020727263333335,0.3955017477796231,-0.1180821449757576,5941.230241198725,275.564770508
BOL,Bolivia,,,,,,,,,,2.965210236333333,0.12981179183781924,-0.042507177042424266,2907.51741434993,178.56482849399998
BRA,Brazil,24.309022666666664,2.569554473974342,0.8480983757575759,45.1,0.40013886478460314,-0.13151515151515147,14.9,0.9797047660246565,-0.38690476190476175,8.520000000000001,0.6164017448962253,-0.06242424242424235,10823.900036143863,925.211114503
BRB,Barbados,35.10443566666667,2.1446772428229535,0.7083518545454545,41.7,0.20248456731316603,0.06484848484848499,7.6,0.19594095320493152,-0.07738095238095243,9.996998710666666,0.6091583407346972,0.18919845460606058,19417.890243180493,1184.92833252
BRN,Brunei Darussalam,28.271044333333332,2.5041639708562213,0.8270102666666668,46.13333333333333,0.6961002482082278,0.22969696969696993,16.4,0.03918819064098711,-0.015476190476190787,0.706046906,0.18003253936703204,0.011673751521212125,36004.60534906658,762.30181885
BTN,Bhutan,9.911312466666667,1.3889223608030692,0.45784235333333345,43.13333333333333,0.7961713941664127,0.2624242424242425,21.9,1.1756457192295886,-0.46428571428571425,4.478457746,9.362222582871203e-16,-4.3425363618655716e-32,3002.294648766453,92.350446321
BWA,Botswana,16.707902666666666,0.9931044877430293,0.3278593878787879,44.23333333333333,0.2626785107312724,-0.08181818181818126,22.1,1.2932102911525463,-0.5107142857142853,5.934892907999999,0.7444532983452711,0.1949129826121212,6846.320686208722,420.908212283
CAF,Central African Republic,7.705833999999999,0.8968318821602049,0.2955622606060606,41.4,0.2875181153713051,-0.09454545454545482,,,,1.540148885,0.08028417978830096,-0.0135914709939394,441.98398796669045,24.950136948
CAN,Canada,25.574292,0.47915182567509607,0.1581121090909091,22.366666666666664,0.8359292899389146,-0.27575757575757587,15.8,1.3715866724345207,-0.5416666666666671,8.116666666666667,0.08784455968736286,-0.017515151515151574,47998.376131977086,5103.428515625
CHE,Switzerland,11.905225999999999,0.04938888727414089,0.013253200000000067,22.399999999999995,1.6875030864169311,-0.5569696969696972,26.4,0.1959409532049312,-0.07738095238095231,8.653333333333334,0.3873327596094431,-0.1241212121212121,84642.6860489015,9190.220263673
CHL,Chile,35.04170666666667,2.7096960549025986,0.8947049333333332,36.43333333333333,1.1242775458044156,-0.3709090909090909,33.6,1.5283394349984643,-0.6035714285714283,6.390000000000001,0.8245732903211884,-0.14769696969696972,14469.427416723538,1165.0533691389999
CHN,China,6.5003399,0.9866398931743884,0.32495801818181813,27.53333333333333,0.8085652588244051,-0.26666666666666655,24.4,0.3135055251278906,-0.12380952380952394,4.873333333333334,0.8336905900872338,-0.08642424242424245,7750.460712043377,367.845411684
CIV,Côte d'Ivoire,9.987873833333333,0.8933546989586688,0.2940389418181819,37.43333333333333,0.5896326540030387,-0.1945454545454547,11.4,0.9013283847426844,-0.3559523809523809,2.9366766956666672,0.36891550716205473,0.1196235769212121,,
CMR,Cameroon,13.441917000000002,0.8494141783394273,0.2802813333333334,36.7,0.19119507199600005,0.06242424242424254,8.5,0.7445756221787396,-0.29404761904761917,7.194190304333333,0.5318228369898339,0.06367846799999999,1510.575135366776,58.241268919999996
COD,"Congo, Dem. Rep.",,,,,,,,,,1.0528955366666668,0.09713230139782016,-0.012914809824242411,440.0618518294353,16.337884522000003
COG,"Congo, Rep.",,,,,,,,,,5.328458621999999,0.695825082368114,0.20576687004848482,2930.065512931157,59.787585449000005
COL,Colombia,21.450299,1.6774339914522751,0.5539164484848484,31.099999999999998,0.37771241264574096,-0.12363636363636357,9.9,0.6270110502557804,-0.2476190476190476,3.48,0.0642764485466081,0.00264106237575758,7035.160245633769,511.039611815
COM,Comoros,13.802862666666668,1.5343515391149465,0.5062646599999999,33.53333333333334,0.983192080250174,-0.3236363636363634,22.5,2.2729150571772054,-0.897619047619048,0.20307776200000002,0.03227506725088076,0.007089346921212121,1480.612750798446,74.68087349
CPV,Cabo Verde,13.722422333333332,1.1872254206120019,0.3913165393939394,44.4,0.9314862675674103,-0.307272727272727,13.2,0.7445756221787395,-0.29404761904761917,4.172060990666666,0.5135814979273318,0.12594658292121214,3885.77428409236,175.497106934
CRI,Costa Rica,28.737930333333335,1.9593186098534616,0.6471352424242426,37.93333333333333,0.4221637386396685,-0.13696969696969702,10.9,0.7053874315377531,-0.2785714285714286,3.19,0.10366488976227088,-0.00037235528484848464,11098.168286400167,836.143591307
CUB,Cuba,19.459975333333333,1.5728200183113554,0.5193657575757576,39.800000000000004,0.3604010112206805,0.11818181818181828,22.5,1.8026567694853697,-0.7119047619047624,4.742819624666667,0.21451682423130528,0.06847957247878789,7441.544444351147,846.1231750479999
CYP,Cyprus,22.293035333333336,0.3787484600802584,0.12502261212121235,31.099999999999998,1.0656244908763852,-0.3515151515151515,37.1,0.587822859614795,-0.23214285714285735,5.805971554999999,0.2825107131989374,-0.009013909818181839,28182.698046875,1898.237182618
CZE,Czechia,24.194370666666668,1.1624094555215136,0.3834420242424243,41.63333333333333,0.14907119849998493,-0.04848484848484815,31.4,0.43107009705085036,-0.17023809523809572,13.066666666666665,0.19591381325016932,0.05333333333333328,20788.99078596164,1544.647814943
DEU,Germany,20.380764666666668,0.036118130602541286,-0.011102145454545456,30.2,1.6440127060876928,-0.5424242424242427,25.1,1.3323984817935335,-0.5261904761904761,10.996666666666668,0.16529098920119986,-0.03884848484848491,45788.0570400392,5025.959863283
DJI,Djibouti,9.402202299999999,1.1176948482881948,0.368373709090909,34.56666666666667,0.9947082207584511,-0.32787878787878777,,,,0.2322439736666667,0.07506382230942306,-0.023619315357575756,2127.110163594327,65.83219947699999
DMA,Dominica,28.517653666666664,1.9931566670298422,0.6581915393939394,47.73333333333333,0.11595018087283991,-0.03333333333333312,,,,7.6351776026666665,0.18842748072136145,-0.02300790803636361,8275.377150560724,414.06981201300005
DNK,Denmark,12.901043000000001,0.17450124833377148,0.05696843636363651,36.5,1.7179121695308586,-0.5666666666666667,21.2,1.7634685788443836,-0.6964285714285716,9.216666666666667,0.4309730592250259,-0.10290909090909092,58810.16259321896,6086.0930175779995
DOM,Dominican Republic,26.404035000000004,2.0627506321197244,0.6812184666666669,49.06666666666666,0.22730302828309787,0.07212121212121225,12.5,0.7053874315377537,-0.27857142857142886,3.9033333333333338,0.3111787624858454,-0.08369696969696966,6739.210972945807,314.38782959
DZA,Algeria,21.785128333333336,1.513808827791971,0.4999261636363638,36.333333333333336,0.42478752858863944,-0.1393939393939393,21.3,0.15675276256394485,-0.061904761904761796,0.496436096,0.035084296564283565,0.00850307084848485,5164.741922611632,290.455075073
ECU,Ecuador,24.253550333333333,2.070531405271187,0.6836213393939393,26.933333333333334,0.5518655230720209,0.18121212121212113,11.3,0.35269371576887604,-0.13928571428571407,2.9661936946666665,0.42812421165625764,-0.1262623096909091,5845.927163316202,422.301351928
EGY,"Egypt, Arab Rep.",,,,,,,,,,0.105565639,0.017384815030421864,-0.005148731806060605,2862.111594124499,133.544936371
ERI,Eritrea,3.788295133333333,0.5519234536359348,0.18161904060606063,23.8,0.45995168828427563,-0.1515151515151515,,,,0.9582552746666666,0.03999372067825977,-0.008341971393939402,614.1905858232631,28.935895538
ESP,Spain,16.874111000000003,0.9841271506362544,-0.3247732181818182,27.7,1.9039140970350756,-0.6278787878787878,30.3,0.5486346689738073,-0.2166666666666664,10.663333333333332,1.163294650741782,0.29327272727272735,29138.475617764554,2630.660791016
EST,Estonia,21.669853666666665,0.41512318176464236,0.1366952969696971,40.333333333333336,0.6292853089020903,-0.20727272727272708,33.3,1.5675276256394521,-0.6190476190476194,11.846666666666666,2.4479989560636843,-0.5726666666666668,19455.90788476274,1245.38949585
ETH,Ethiopia,2.166362433333333,0.3394441310133287,0.1116529775757576,27.53333333333333,0.3373096170846276,-0.10909090909090927,5.5,0.11756457192295887,-0.04642857142857142,1.7538966810000003,0.3830487078875489,0.12478547527878792,580.012307395833,21.286946487
FIN,Finland,20.526788999999997,0.5926263036257892,0.1953651575757574,36.23333333333334,1.0390166291044407,-0.3430303030303029,26.5,1.449963053716493,-0.5726190476190478,8.299999999999999,0.5916652582142864,-0.18684848484848493,47499.213072216386,4481.060546875
FJI,Fiji,31.369823333333333,1.6840321839608154,0.5560473151515153,38.26666666666666,1.11100555054119,0.3666666666666667,29.2,0.4702582876918355,-0.1857142857142857,3.5720109433333334,0.6219112863306508,0.1730054454727273,5012.0369288218735,179.476716614
FRA,France,10.471024,0.6233081487378012,-0.2057882121212123,29.366666666666664,0.8966604708583958,-0.2957575757575757,34.5,0.03918819064098634,0.01547619047619053,11.563333333333333,0.33157033776996525,-0.0983636363636364,40554.568437172864,4608.470458985
FSM,"Micronesia, Fed. Sts.",,,,,,,,,,1.58,0.4134623454573719,-0.06121212121212122,3087.333355763356,405.547735596
GAB,Gabon,18.558198333333333,1.4968567010007818,0.4937274121212122,37.43333333333334,0.2718251071716687,-0.08909090909090928,,,,6.249969755666666,0.7198302106983174,-0.1768773671454546,8198.32767505317,219.02157287600002
GBR,United Kingdom,,,,,,,,,,9.969999999999999,0.22374588760963204,0.011515151515151483,42775.51154842964,4215.789965821
GEO,Georgia,31.731397666666666,2.288081334885298,0.7557058909090909,44.56666666666666,0.1159501808728422,0.015151515151515372,32.0,0.15675276256394513,-0.061904761904761865,7.8580823230000005,0.6810778618701582,0.09739102111515155,4366.8543526627245,321.747229003
GHA,Ghana,11.691696333333333,0.7269928070639394,0.2397913927272728,34.300000000000004,1.3767917618708925,-0.45454545454545464,4.3,0.3135055251278902,-0.1238095238095238,1.8839452773333332,0.171229344342964,-0.03944675928484848,1858.9326923264568,75.973545837
GIN,Guinea,7.8170905333333325,0.9445979511747524,0.31103770000000003,41.13333333333333,0.7026932316294054,-0.23151515151515137,,,,0.32355227366666667,0.05961466739733607,0.016716033509090913,776.6452861059083,32.453752327000004
GMB,"Gambia, The",,,,,,,,,,0.894964717,0.6500944588830643,-0.21065415184242425,677.2610460536673,24.429977991
GNB,Guinea-Bissau,9.786735766666666,0.941855782369756,0.31033226606060615,38.199999999999996,0.5896326540030387,-0.19454545454545474,10.9,0.9797047660246575,-0.38690476190476203,3.331915240666666,0.1611240160938142,0.04544763857575756,698.5335109309669,50.209073257
GNQ,Equatorial Guinea,15.900283333333334,0.9917137719781686,0.3270086121212121,38.199999999999996,0.3348299734359378,-0.10969696969696954,,,,5.478250276,1.1473446095565334,-0.33968639226666675,11931.751846441659,235.73611602699998
GRC,Greece,26.546881333333335,0.9888872323590349,0.32658995151515174,31.566666666666666,0.9812124019690015,-0.32303030303030306,38.4,1.8810331507673437,-0.7428571428571435,6.658262122666666,0.4738811312656555,-0.14732812527878794,21057.09793917175,1806.062731934
GRD,Grenada,27.613569333333334,1.8597856914891036,0.6141988242424246,46.56666666666666,0.2643650674519786,0.08545454545454564,,,,7.765063249333333,0.2519803785529327,0.08012180278787884,8457.34390427473,423.51793213
GTM,Guatemala,24.017521666666667,2.0258459434929867,0.6691096424242426,32.03333333333333,0.4491968140779473,0.14787878787878797,12.5,0.1959409532049316,-0.07738095238095245,1.662895336,0.16919819394821448,-0.04939000012727273,3753.775025433338,227.35129242
GUY,Guyana,25.521169,2.055642352120894,0.6788136787878788,40.0,0.06324555320336848,0.018181818181818438,15.3,1.606715816280437,-0.6345238095238094,5.208851689333333,0.2889922351273224,-0.07069829719393943,5614.715183133752,231.84759369
HND,Honduras,26.736854666666662,2.066246213022554,0.682445878787879,33.9,0.04216370213557899,0.0036363636363636884,13.5,0.4310700970508489,-0.1702380952380952,2.744402993,0.1357877189524315,0.008200257624242431,2231.25581976267,175.933201598
HRV,Croatia,27.374223,2.2016174947792466,0.7269531515151517,48.300000000000004,0.3334999583541536,0.10969696969696965,36.1,0.23512914384591882,0.09285714285714328,10.2139984,0.3673230653932697,-0.04332032195757572,14029.2678950697,969.190460208
HTI,Haiti,9.648148233333332,0.6711396029857762,0.22158608787878784,42.800000000000004,0.3591656999213594,0.11818181818181818,8.9,0.27431733448690365,-0.1083333333333332,3.055036027,0.30394329709941664,0.08659140436363637,1377.450354696919,62.644453049000006
HUN,Hungary,28.96167033333333,1.8850120237934707,0.6224003393939396,48.4,0.19119507199599978,-0.06242424242424242,33.8,0.4310700970508503,-0.1702380952380957,11.016666666666666,0.26965821989243255,0.012969696969697023,14279.63128002378,990.898236084
IDN,Indonesia,8.827267833333332,1.420539011094524,0.4680085496969697,39.63333333333333,1.5916797556180842,0.5242424242424243,37.1,0.35269371576887604,0.13928571428571407,0.08009065700000001,0.0046031755994729575,0.0006199159696969706,3586.1568864530564,104.45852279799999
IND,India,5.851817733333334,0.8543876872858905,0.28156843151515154,31.166666666666668,0.21317702607092626,-0.06969696969696963,31.5,2.664796963587067,-1.0523809523809522,2.9532475613333333,0.11060149535873866,0.012854615121212146,1645.832555636107,54.59251442
IRL,Ireland,26.965586333333334,0.971359457697813,0.32079961818181824,32.56666666666667,0.879456903119445,-0.29030303030303045,23.4,1.332398481793535,-0.5261904761904768,10.936666666666667,0.41200862989882986,-0.08424242424242423,62393.34227138393,5148.186474611
IRN,"Iran, Islamic Rep.",,,,,,,,,,0.0,0.0,0.0,5897.1720709465635,399.59068756199997
IRQ,Iraq,38.179436333333335,1.9240427208010893,0.6353773878787881,48.06666666666666,0.3062315754094891,0.09818181818181818,19.5,0.23512914384591807,-0.09285714285714301,0.4737817473333334,0.02456538876088906,-0.003146302393939396,5446.702921334554,186.74985656799998
ISL,Iceland,20.130859333333333,0.6979641432361533,0.23029050909090912,27.96666666666667,1.4538836878436248,-0.48000000000000004,13.8,1.7634685788443833,-0.6964285714285716,7.626666666666666,0.4139847018107473,0.11678787878787882,57118.31230721332,4749.578100588
ISR,Israel,22.18703933333333,0.14142312550011843,0.04636926060606063,29.26666666666667,0.7118832613411957,-0.23333333333333323,23.2,0.9797047660246572,-0.38690476190476203,2.5667139776666663,0.09411229916486219,-0.016075771424242435,37629.70718241054,2760.16689453
ITA,Italy,16.734826666666667,0.3326646570356133,0.10976213333333337,34.233333333333334,1.5158789163019877,-0.5000000000000001,23.5,0.35269371576887604,-0.13928571428571407,7.826666666666667,0.36715724757172413,0.09042424242424237,34446.61206200342,3009.802783205
JAM,Jamaica,30.749263666666668,2.2091537584556975,0.7296435878787879,46.1,0.65328231093286,0.21515151515151518,11.5,0.5878228596147943,-0.23214285714285712,3.5269073446666663,0.19107763905379962,0.060062120769696956,5200.012326360451,286.915022277
JOR,Jordan,37.83513233333333,0.833032548765647,0.27341067272727293,37.86666666666667,0.26012817353502127,-0.08303030303030275,34.1,0.3918819064098624,0.15476190476190463,0.2718579903333333,0.07798559323757576,-0.025366533242424244,4074.786925896819,301.56713562
JPN,Japan,4.7652144,0.43105285055347187,0.1419705260606061,31.566666666666663,0.40400770069668535,-0.13272727272727286,22.8,1.214833909870574,-0.4797619047619045,6.41,0.06733828364641055,-0.013030303030303012,41558.48141016376,4366.560620116999
KAZ,Kazakhstan,17.418345000000002,0.6689027179952503,0.2209050848484849,41.96666666666667,0.10593499054713779,0.022424242424242364,25.7,1.0580811473066298,-0.417857142857143,3.9066666666666663,0.24421302176583462,0.02884848484848484,10354.957323077815,299.736082459
KEN,Kenya,10.498460333333334,1.183488545173173,0.39050927878787883,33.7,1.344784162772763,-0.44242424242424216,12.8,0.7445756221787391,-0.29404761904761895,2.386415444333333,0.10808762245722373,0.029956221763636347,1483.395462254965,69.298851012
KGZ,Kyrgyz Republic,,,,,,,,,,4.586666666666667,0.7197653938765202,-0.2082424242424243,1183.3005269159323,78.92511406
KHM,Cambodia,3.3624252,0.5522508115486114,0.1817710666666667,25.400000000000002,0.6149977416399364,0.19999999999999996,22.7,2.076974103972274,-0.8202380952380957,5.374711978,1.4053456588434794,0.44307052765454547,1528.270324590528,76.020488739
KIR,Kiribati,45.033714333333336,0.9396583572859812,0.31035091515151514,41.46666666666666,2.633312236202409,0.8696969696969695,47.1,2.468856010382136,-0.9750000000000001,0.38148818366666665,0.14630742478487174,0.009928103878787882,1754.488363987493,157.333348847
KNA,St. Kitts and Nevis,,,,,,,,,,9.355716726666666,0.3529458224465547,0.10614514383030302,20146.5190433471,1030.183172608
KOR,"Korea, Rep.",,,,,,,,,,8.459999999999999,0.2533355263062977,-0.062484848484848476,28503.66612552826,1946.094238282
KWT,Kuwait,41.06354633333333,0.24096031955019734,0.07467100606060594,40.6,0.28460498941515394,-0.09272727272727263,19.9,0.07837638128197397,-0.03095238095238148,0.04394567033333333,0.014164818212087362,-0.004665092957575758,38458.629795621426,1314.933581542
LAO,Lao PDR,,,,,,,,,,7.100590783333334,0.5399366543808239,0.1519012302787879,1983.5678974392918,47.573045157
LBN,Lebanon,28.412008333333333,1.1295532480121895,0.3727036848484845,38.26666666666666,0.44969125210773464,-0.1478787878787878,34.7,0.15675276256394513,-0.061904761904761865,1.367765502,0.12871895242526055,-0.013334298175757573,8209.952742141486,634.853845216
LBR,Liberia,13.710747,1.6831531400463706,0.5532451296969698,39.6,0.6346477588219934,-0.20909090909090944,10.3,0.7837638128197256,-0.30952380952380965,3.0279781470000002,0.19288735628796358,0.029591466672727273,657.3008035132801,59.242989349000005
LBY,Libya,34.95900733333333,1.5088241751892466,0.49817953939393944,42.96666666666667,0.606996247471468,-0.19999999999999982,,,,0.0,0.0,0.0,10115.867536542033,479.633673096
LCA,St. Lucia,,,,,,,,,,10.970360099999999,0.754751108376798,0.15494747373333337,10242.800446437454,472.06690979000007
LKA,Sri Lanka,8.376748133333335,1.3083749649949203,0.4312052187878789,35.300000000000004,0.7351492667781452,0.24242424242424246,22.1,0.8621401941016978,-0.3404761904761904,2.597763903,0.1483780964122011,0.007892880696969718,3811.9941014048222,133.806562805
LSO,Lesotho,18.703408333333332,1.3984921611948151,0.461427581818182,40.199999999999996,0.1837873166945364,-0.05696969696969711,26.0,0.5878228596147941,-0.23214285714285712,3.3188371696666668,0.6699531576856059,0.1403379207515152,1137.8485202172255,126.670043945
LTU,Lithuania,24.364651666666663,0.6884989176103892,0.22739341212121209,48.36666666666667,1.0004998750624612,-0.3303030303030305,34.6,0.9797047660246574,-0.38690476190476203,10.68,1.8843475145406579,-0.442848484848485,15732.20925421079,1021.370294189
LUX,Luxembourg,18.24898466666667,0.02761414857479919,0.005792436363636236,31.266666666666666,2.3313324754549942,-0.7696969696969698,24.9,0.5878228596147942,-0.23214285714285712,11.280000000000001,0.2271710075398414,-0.0686060606060606,113835.2496311062,6262.674169923
LVA,Latvia,23.220398333333332,0.7834463969880776,0.2587228121212123,44.166666666666664,0.7109461614246497,-0.23454545454545445,37.1,0.9797047660246574,-0.38690476190476203,12.899999999999999,1.2489021845871944,0.38830303030303037,14393.077335875749,873.0854187000001
MAR,Morocco,19.734964666666666,1.5334715634535656,0.506424090909091,35.53333333333333,0.629726572057712,-0.20666666666666697,14.9,0.6270110502557804,-0.2476190476190476,0.476444506,0.05423284736405095,0.0004946754909090929,3294.2727050781273,173.333952331
MDA,Moldova,,,,,,,,,,8.505610724,0.666127161734565,0.09843549174545463,3264.5662184450002,226.166081238
MDG,Madagascar,3.3022517,0.4799826104154557,0.15778821575757573,37.333333333333336,1.1815244390193544,-0.38909090909090915,32.1,1.9202213414083282,-0.7583333333333335,0.6766966753333334,0.04838212797939208,0.007937209660606064,486.21044138481665,21.197621347000002
MDV,Maldives,14.552856666666669,1.641220559944272,0.5408554121212124,33.9,0.31198290551460256,0.10060606060606067,30.3,1.332398481793535,-0.5261904761904768,1.7560779560000002,0.14234442258168298,0.02906102956363637,9250.046846052923,775.4302124019999
MEX,Mexico,33.341275333333336,2.0315253485901916,0.670960212121212,32.43333333333333,1.035803499168104,-0.3406060606060605,17.0,0.6661992408967667,-0.26309523809523805,4.776666666666666,0.3669710857516949,0.10224242424242427,10296.839678363564,555.167926025
MHL,Marshall Islands,44.24381033333333,1.1312486168000582,0.3735831151515152,31.73333333333333,0.5130518708885308,0.1678787878787877,29.1,0.23512914384591807,0.09285714285714301,,,,4007.971705842432,545.709512329
MKD,North Macedonia,25.23084,1.5113154832713125,0.49886957575757607,45.13333333333333,0.04216370213557899,-0.009696969696969837,,,,4.040140737000001,0.6394393909390808,0.09211695058787883,5710.102406651703,362.104626466
MLI,Mali,9.606295000000001,0.9857261522518409,0.32478842060606056,34.699999999999996,0.36147844564602555,-0.11878787878787878,10.0,0.7053874315377537,-0.27857142857142886,2.502423686,0.9258880285609076,-0.17770634355757572,909.3818091724503,30.402617836
MLT,Malta,31.36829933333333,0.5376100628456774,0.17740307878787873,29.866666666666664,1.1616080807799738,-0.38303030303030305,26.8,0.7837638128197261,-0.3095238095238097,7.770356553666667,0.5285180920688062,0.15317735203636362,26929.221107050213,2298.332800293
MMR,Myanmar,6.4403071999999995,0.5932494476854855,0.19564174181818178,37.6,0.5677440737985145,0.18727272727272726,50.2,1.8026567694853666,-0.7119047619047612,1.9348911190000002,0.3700505958830938,0.11977386364848484,1231.188034968591,47.423488043
MNE,Montenegro,16.585179,0.8989744725914016,0.29676424848484845,45.1,7.489778066296963e-15,-3.4740290894924573e-31,33.7,0.587822859614795,-0.23214285714285735,8.681201600333333,0.658208686527955,-0.13991600050909087,7401.1749454773435,621.8538072377778
MNG,Mongolia,21.52692933333333,1.967543104916182,0.6498346484848485,43.20000000000001,0.9484490263348664,-0.30909090909090914,30.5,0.3135055251278906,-0.12380952380952394,7.28,1.8310728488451185,-0.10539393939393943,3871.6511319948063,164.25683899
MOZ,Mozambique,8.320032566666667,1.094024690235987,0.36047967272727277,38.9,0.7435649863252632,-0.24242424242424254,,,,1.477243438333333,0.22314573973364588,0.07302583459999999,574.3288317170877,36.821777917999995
MRT,Mauritania,19.808522333333332,1.790503311848301,0.5905621696969696,38.1,0.6168918507773924,-0.2030303030303033,12.3,0.9797047660246573,-0.38690476190476203,0.0,0.0,0.0,1732.3257216454829,52.211591721000005
MUS,Mauritius,17.921086666666664,0.7214464909912278,0.23776561212121217,33.6,1.4156270695349107,-0.4666666666666666,22.1,0.35269371576887604,-0.13928571428571407,7.241457981333333,0.24103842498953018,0.06259112352727274,9998.164971100143,504.52637023899996
MWI,Malawi,6.230840833333333,0.8535159756332635,0.2812299866666667,30.333333333333332,2.3977072381756703,-0.7909090909090913,12.9,1.1364575285886027,-0.448809523809524,1.5386998706666668,0.27280560467810616,-0.07615366153939394,563.1082637599054,36.092271803
MYS,Malaysia,19.525884,1.7457817553342179,0.5764236606060608,40.9,0.42687494916219004,-0.14060606060606068,24.0,0.7837638128197261,-0.3095238095238097,0.6903395546666667,0.08186309485919273,0.025359805527272735,10225.373355267064,371.201733397
NAM,Namibia,15.632744666666667,0.8048148975972673,0.2655950606060606,44.03333333333333,0.6160808027812232,-0.20121212121212145,16.9,0.9797047660246575,-0.38690476190476203,10.568814228666668,1.0686930911648174,0.21766223104848495,5227.488364441841,474.47478332400004
NER,Niger,4.974306599999999,0.5115627598545244,0.168260856969697,41.800000000000004,0.7809538327512638,-0.25757575757575757,8.1,0.1959409532049316,-0.07738095238095245,0.078305665,0.022717183049256396,-0.005101655387878789,528.1541109883782,26.128653718
NGA,Nigeria,10.612018333333333,0.9612455015414614,0.31653633818181814,36.1,0.11005049346145965,-0.03333333333333291,4.7,0.5486346689738079,-0.21666666666666662,1.4709921983333334,0.3199982068200107,-0.03914458879393938,2407.090065896734,81.081737516
NIC,Nicaragua,31.188925333333334,1.8730093147983837,0.618575806060606,35.86666666666667,0.17511900715418313,-0.0545454545454548,,,,3.7105417826666667,0.16416626926677033,0.03938051087272729,1916.733086374187,153.089637756
NLD,Netherlands,,,,,,,,,,8.286666666666667,0.3543946325151606,-0.10327272727272732,51216.696257416865,5209.95078125
NOR,Norway,18.00829366666667,0.7550829409427005,0.249343,31.0,1.459109317357681,-0.48181818181818176,20.5,2.390479629100165,-0.9440476190476196,6.023333333333333,0.20778193697560277,-0.057454545454545494,87381.40735504575,8324.129101564
NPL,Nepal,5.3482524,0.9643325386963947,0.31759011333333326,36.1,0.1712697677155341,-0.052121212121211825,36.3,3.017490679355946,-1.1916666666666678,1.0975409443333335,0.1691781501699247,0.025493450436363647,895.315012389525,42.255893707
NRU,Nauru,68.95255033333332,0.7882080798980797,0.26004996363636274,41.36666666666667,1.295976680174283,0.42787878787878797,52.6,1.1756457192295884,-0.46428571428571425,2.42186,0.8220666286855677,-0.2211264787878788,8741.648084459606,928.860961914
NZL,New Zealand,31.877671666666668,1.3201557694518227,0.43597665454545464,31.03333333333333,0.5295700562196132,-0.1745454545454545,16.4,1.4499630537164936,-0.5726190476190482,8.883333333333335,0.31307791007635394,-0.09175757575757568,40763.189120671785,3804.131958007
OMN,Oman,28.347127666666665,1.6771258216255829,0.5517476242424241,45.86666666666667,0.44484703987875257,-0.14242424242424226,8.1,0.0783763812819723,0.030952380952380846,0.5115868689999999,0.036499942771786885,-8.605254545454138e-05,21283.96704146942,657.830841064
PAK,Pakistan,18.530578666666667,2.8436858842801658,0.937400690909091,43.0,0.6055300708194988,0.2000000000000002,23.7,1.6850921975624114,-0.6654761904761908,0.05761447833333333,0.006273181187703306,0.0019024520727272728,1309.9603356368584,32.322342874
PAN,Panama,32.25471166666667,2.7878140118604784,0.9207438242424245,36.1,0.09189365834726601,-0.0278787878787872,7.1,0.6661992408967675,-0.2630952380952384,6.676167471666667,0.20562561044524794,0.05769720859393942,13178.396769675373,945.4966735840001
PER,Peru,23.459001,2.471492607521338,0.8154399393939398,20.5,0.3306559138036597,0.09939393939393931,11.7,1.9594095320493148,-0.7738095238095241,5.753466733333333,0.23120536188355745,-0.04887429683030305,6406.719946004908,315.360095215
PHL,Philippines,7.3808645,0.8103042134372933,0.2671601006060606,33.7,0.20110804171997856,0.06303030303030314,24.4,1.293210291152548,-0.510714285714286,4.950032330666667,0.2288573192996171,-0.013056542666666645,2831.20416761825,113.83474120999999
PLW,Palau,40.235423000000004,0.529391241495876,0.1746565757575759,44.26666666666667,0.18408935028645418,0.028484848484848585,19.6,0.7445756221787392,-0.29404761904761906,,,,14039.665214012351,1504.08071289
PNG,Papua New Guinea,18.835922666666665,0.9974375684068545,0.3288321575757577,27.3,1.4158232783633544,0.4672727272727274,43.5,1.2148339098705763,-0.47976190476190533,1.142291447,0.22749583738419715,0.037638533551515155,2449.517958715714,60.130960083000005
POL,Poland,25.259161333333335,1.5223696343441724,0.5026386848484847,48.93333333333334,0.7964504588066572,0.26242424242424267,27.6,1.2932102911525463,-0.5107142857142853,10.74,0.28042824394129795,0.0724848484848485,13795.461451834719,880.2220336930001
PRK,"Korea, Dem. People's Rep.",,,,,,,,,,3.4401987323333336,0.1216521747911211,-0.004420341593939394,,
PRT,Portugal,20.430207666666664,0.8720150061610434,0.2879256606060607,32.63333333333333,1.1568155523773975,-0.38181818181818206,25.5,0.0,0.0,10.553597286666667,0.5686982782407658,-0.02075609600000001,21771.20255093566,2068.772705079
PRY,Paraguay,29.540159333333335,2.3475700908207404,0.7750684545454547,56.43333333333334,0.09189365834726944,-0.013333333333333527,14.6,1.489151244357479,-0.5880952380952381,5.727751447333333,0.30199633507487705,-0.06738341892121218,5917.286899996244,382.221792603
QAT,Qatar,40.608950666666665,2.305279576879003,0.7611903212121215,41.13333333333333,0.7549098548097576,-0.2490909090909092,12.5,0.0,0.0,1.005620481,0.08786184111991646,-0.026619250042424242,82005.67898805262,1916.775830079
ROU,Romania,28.96388966666667,3.509323709766474,1.1586453393939398,48.26666666666667,0.3334999583541531,0.10969696969696954,32.0,0.6270110502557812,-0.24761904761904788,10.71,0.568584988272544,0.12424242424242429,10102.344656287432,519.837289428
RUS,Russian Federation,23.410449333333332,0.5913360335512287,0.19514415151515152,44.79999999999999,1.4594138853967693,-0.48181818181818253,30.0,0.3135055251278906,-0.12380952380952394,7.239999999999999,1.5289938594455574,-0.4864242424242423,12163.846875,633.657086181
RWA,Rwanda,3.7293155666666666,0.6298812447852369,0.2071757442424243,30.166666666666668,0.9554521907918203,-0.31515151515151524,16.6,0.7837638128197261,-0.3095238095238097,1.9316813823333334,0.1977346237715414,0.056938386648484864,718.5101272843334,50.525122071
SAU,Saudi Arabia,38.53163133333334,1.7856317059376925,0.5896041333333334,34.1,0.24966644414765382,-0.08181818181818196,14.4,0.03918819064098628,0.015476190476190466,,,,26193.95548592684,1242.365332031
SDN,Sudan,14.448160999999999,1.460816085064741,0.4815296424242423,41.0,0.5121848624601614,-0.1666666666666671,,,,0.0,0.0,0.0,1080.4685485839852,73.395675658
SEN,Senegal,8.9965222,0.6697160683374772,0.2205841878787879,40.6,0.3719318934070225,-0.1218181818181816,8.4,0.7053874315377531,-0.2785714285714286,0.31388024966666667,0.028245312354552077,0.0034502124484848524,1348.110913020546,58.028245926
SGP,Singapore,11.156424333333334,1.507774076759978,0.49630231878787884,31.8,0.9825703254446697,-0.3242424242424243,16.6,3.79801067982192e-15,0.0,1.7666666666666666,0.036270588023294546,-0.0016969696969696987,57792.90149739028,2244.62437744
SLB,Solomon Islands,21.066992666666668,0.9902398263297463,0.3268541878787877,29.233333333333334,1.4560601330683811,0.4806060606060607,38.3,0.6661992408967675,-0.26309523809523844,1.451067983,0.5534619485755954,0.08658354936363637,2077.5356064170983,93.656739044
SLE,Sierra Leone,6.469262866666667,0.3098094046969072,0.10151472666666664,41.06666666666667,0.6903300337922117,-0.22727272727272738,18.4,2.155350485254246,-0.8511904761904765,0.17843253866666667,0.05299889244400373,-0.009700595018181822,889.7063440117951,71.14961509700001
SLV,El Salvador,28.646762,1.7160042592563565,0.5667271030303033,32.6,0.278088714861523,0.09090909090909091,10.5,0.5486346689738083,-0.2166666666666668,2.984698227666667,0.2805123367328577,0.08893606620000001,3733.233618227959,324.616113283
SOM,Somalia,12.348413333333333,1.3830236817453943,0.45620372606060605,36.4,0.8265725752904105,-0.272121212121212,,,,0.0,0.0,0.0,409.4491963301636,12.973714145714284
SRB,Serbia,20.60589333333333,1.1851199706067312,0.39098798181818173,46.1,0.05163977794943296,-0.014545454545454754,41.1,0.5094464783328212,-0.201190476190476,8.119283256333334,0.5721345923162806,-0.1574223906909092,6690.957288921754,571.216870116
SSD,South Sudan,7.084513433333334,0.8731512099428095,0.28750375090909097,34.56666666666667,0.967298643990916,-0.318181818181818,,,,,,,1338.264387057225,31.393456776666667
STP,São Tomé and Principe,,,,,,,,,,4.190009769,0.6663936012760358,-0.16732836770909093,,
SUR,Suriname,26.399928333333335,1.806533523567486,0.5965940606060608,42.833333333333336,0.24966644414765296,0.08060606060606047,,,,5.941028987,0.46581945677021136,0.08477197526666665,7669.886987882096,427.360089111
SVK,Slovak Republic,,,,,,,,,,10.073333333333332,0.22069586916538933,-0.008121212121212126,17967.2676264732,1274.380773925
SVN,Slovenia,17.727145333333333,0.7023396868782461,0.22820459999999995,45.333333333333336,0.04216370213557899,-0.009696969696969837,21.8,0.47025828769183553,-0.1857142857142857,10.4,0.5735852159879995,0.005454545454545429,23511.30529394842,2018.5798095710002
SWE,Sweden,14.929325333333333,0.14862917930369177,0.04864532121212131,30.8,1.9821424996424672,-0.6545454545454547,28.3,1.9985977226902998,-0.789285714285714,7.123333333333334,0.10311266761277305,-0.02745454545454545,55337.458041912025,5909.982373046
SWZ,Eswatini,27.04741366666667,1.9335876516510162,0.6383770060606063,42.800000000000004,0.7400450436741451,-0.241818181818182,10.2,0.2351291438459182,-0.09285714285714307,7.119473388,0.6804088569226452,0.12573344216363644,3877.7460183005787,298.918855286
SYC,Seychelles,27.442575666666666,1.155962196986735,0.3814472242424242,44.76666666666667,1.2447221912271567,-0.40969696969696984,22.7,0.8621401941016978,-0.3404761904761904,12.452671183333335,2.076073553705547,0.5368337257272726,15235.373741307689,636.81687622
SYR,Syrian Arab Republic,32.24153233333334,1.5255579720998413,0.5036164484848488,41.36666666666667,0.6983313444681304,-0.2296969696969697,,,,0.13283050966666668,0.2047321143099231,-0.050917983581818184,1419.009196361882,50.558650589
TCD,Chad,5.6090267,0.550618008396161,0.18115097696969687,38.1,0.5896326540030385,-0.1945454545454547,8.3,0.27431733448690365,-0.1083333333333332,0.5301410076666667,0.061407896732142364,-0.004941628545454546,1094.024034105413,34.67973671
TGO,Togo,9.465856366666666,1.1474730973684801,0.37770012909090916,36.13333333333333,0.5165053511608353,-0.17030303030303026,8.3,0.7445756221787391,-0.29404761904761895,0.9761615469999999,0.12720333588124869,-0.031911310236363635,792.7288276962236,43.207166482000005
THA,Thailand,12.986615,1.481968602705992,0.48879078545454546,28.96666666666667,0.5834761729877613,0.1915151515151514,21.1,0.5878228596147941,-0.23214285714285712,6.6866666666666665,0.4160608929792209,0.018303030303030307,6053.328995304068,224.26674957200004
TJK,Tajikistan,21.098063333333332,2.0014610877201795,0.6610344606060607,46.76666666666667,0.45898438608155934,0.1466666666666664,,,,0.8557716266666667,0.0870011076840335,0.02140797603636364,891.3529471060385,58.235355758000004
TKM,Turkmenistan,19.764153333333336,1.3099444149653454,0.4325294121212122,39.0,0.14491376746189386,0.04303030303030295,7.5,0.7053874315377536,-0.27857142857142886,2.816824287333333,0.12133166828204711,-0.0027649536303030182,5906.787073161782,347.186190796
TLS,Timor-Leste,1.7460605666666666,0.2970868317337198,0.09753733575757578,35.06666666666667,0.4854551129266911,0.15818181818181815,43.0,1.2540221005115624,-0.49523809523809587,0.34204729300000003,0.16331313756321422,-0.01429912255151515,1190.718757527251,82.084675981
TON,Tonga,68.17805966666667,2.7164569739694717,0.8971951515151517,42.6,2.129162589689508,0.7030303030303028,31.8,0.19594095320493007,-0.07738095238095184,0.29789065833333334,0.20721733747589233,-0.03139634871515151,4179.964955894516,220.627331542
TTO,Trinidad and Tobago,26.601803333333333,0.9372528097549538,0.3094821696969698,42.23333333333334,0.549343041985404,0.18060606060606044,,,,4.3457384496666664,0.2323675687325515,-0.07003057086666674,18929.624530076682,996.197509765
TUN,Tunisia,24.918843999999996,1.4496976313040972,0.4787951515151514,34.7,0.031622776601684235,0.005454545454545533,23.0,0.7837638128197261,-0.3095238095238097,1.5693281673333335,0.08922839273224754,0.025826033412121207,4047.730872069518,249.57195739899998
TUR,Türkiye,31.911653333333334,1.1617070934122433,0.38364410303030305,33.0,0.7456540752922906,-0.2460606060606063,31.3,0.27431733448690354,-0.10833333333333317,1.4066666666666665,0.09097618736057624,-0.022242424242424244,,
TUV,Tuvalu,62.00318933333333,1.559694166838519,0.5150895575757579,49.86666666666667,1.8560711193270578,0.6127272727272726,37.6,1.2148339098705763,-0.47976190476190533,0.23,0.8240576143187492,-0.05670935916363639,3821.188131526357,656.54788208
TZA,Tanzania,,,,,,,,,,5.051415784666667,0.5697558895729076,-0.1538377218787879,932.4939208984382,39.04805717399999
UGA,Uganda,6.0523468,0.921158014330459,0.30279248181818186,32.800000000000004,0.8638415492567036,-0.2848484848484848,11.0,1.4107748630755064,-0.5571428571428572,6.564635667666667,0.95271195962404,-0.3004314209272728,816.3857660102691,44.293178748
UKR,Ukraine,22.874499666666665,0.5507725881655896,0.18183304242424242,43.699999999999996,1.687503086416931,-0.5569696969696971,28.5,1.0972693379476166,-0.4333333333333336,5.506666666666667,1.4564507849182164,-0.4149090909090909,3136.861376953127,214.88763580300002
URY,Uruguay,29.822467666666668,2.393172052454002,0.7900572909090912,42.4,0.09428090415820517,0.027878787878787586,24.4,1.2540221005115624,-0.49523809523809587,5.753333333333333,0.2453138579226394,-0.06490909090909094,17157.65890210515,1462.0015014659998
USA,United States,,,,,,,,,,8.933333333333332,0.12631970023185876,0.037636363636363614,56180.41266095772,9060.948437503
UZB,Uzbekistan,26.47443133333333,2.732484326976818,0.9024988848484847,45.0,2.136560059742972,0.7054545454545459,19.6,0.9013283847426833,-0.3559523809523806,2.5733333333333333,0.3837012726935718,0.10509090909090907,2288.700389276105,112.682843018
VCT,St. Vincent and the Grenadines,,,,,,,,,,7.609959299666667,0.45771643491712516,0.1384804341878788,7420.216360362358,314.094009398
VEN,"Venezuela, RB",,,,,,,,,,2.6511515430000006,2.0316087723138385,-0.630566749,13147.680841257,138.721328735
VNM,Viet Nam,1.4454869666666665,0.2941988956720165,0.0966929452727273,29.53333333333333,0.36040101122067986,0.11818181818181803,24.9,0.6661992408967683,-0.26309523809523866,3.3410150303333332,0.36472179111888725,0.11738778874545452,2565.7056049787398,125.05450897199998
VUT,Vanuatu,19.970701666666667,0.7306810488790121,0.24052326060606055,39.266666666666666,0.6908931417616856,0.22787878787878768,,,,2.006633810333333,0.37790416433869667,0.09592200173939393,3032.103008714421,109.102301788
WSM,Samoa,59.76529333333334,2.0746564575261046,0.685223812121212,37.96666666666666,1.11100555054119,0.36666666666666664,27.1,1.606715816280437,-0.6345238095238094,2.4278856973333336,0.224404950071389,-0.05530453054545454,4040.9346197394525,223.27356414800002
YEM,"Yemen, Rep.",,,,,,,,,,0.0,0.0,0.0,1080.1605550387287,60.204853822
ZAF,South Africa,29.861045,0.635629577139041,0.20965313939393954,44.36666666666667,0.4785394445602155,-0.15212121212121196,21.5,0.1959409532049312,-0.07738095238095231,7.126666666666666,0.12139924949429376,0.026424242424242447,7071.459449921374,566.150183105
ZMB,Zambia,9.112440066666666,1.117459769261454,0.3682468,32.86666666666667,1.6136914203155461,-0.5321212121212126,15.8,0.4702582876918355,-0.1857142857142857,3.0560641,0.1832008563204316,0.03647153736969697,1505.554434674312,67.842000961
ZWE,Zimbabwe,12.336951666666666,1.1240088806561215,0.37068397515151524,42.43333333333333,0.406065128875762,-0.13212121212121225,13.6,0.822952003460712,-0.32500000000000007,4.748520386666667,0.4249571530416875,-0.07451439079393944,1610.959787878492,94.262201691
